Позиции;Кол-во;Номинал;Тип;Где;Примечание;Футпринт KiCad
C1;1;47p;Конденсатор;плата;керамика C0G/NP0;C_Disc_D5.0mm_W2.5mm_P5.00mm
C2;1;100n;Конденсатор;плата;"C2 — плёнка MKT/MKP 63 В шаг 5 мм; C11 — керамика";C_Rect_L7.2mm_W3.0mm_P5.00mm_FKS2_FKP2_MKS2_MKP2
C3, C9;2;10u;Конденсатор;плата;электролит 16 В, Ø5 мм, шаг 2.5;CP_Radial_D5.0mm_P2.50mm
C4, C5;2;22n;Конденсатор;плата;плёнка MKT, шаг 5 мм;C_Rect_L7.2mm_W3.0mm_P5.00mm_FKS2_FKP2_MKS2_MKP2
C6, C7;2;3.3n;Конденсатор;плата;плёнка MKT, шаг 5 мм;C_Rect_L7.2mm_W3.0mm_P5.00mm_FKS2_FKP2_MKS2_MKP2
C8;1;100p;Конденсатор;плата;керамика C0G/NP0;C_Disc_D5.0mm_W2.5mm_P5.00mm
C10, C12;2;100u;Конденсатор;плата;электролит 10 В, Ø6.3 мм, шаг 2.5;CP_Radial_D6.3mm_P2.50mm
C11;1;100n;Конденсатор;плата;"C2 — плёнка MKT/MKP 63 В шаг 5 мм; C11 — керамика";C_Disc_D5.0mm_W2.5mm_P5.00mm
JP1;1;GAIN x2;Перемычка;плата;2 штыря + джампер или капля припоя;PinHeader_1x02_P2.54mm_Vertical
R1;1;1k;Резистор 0.25 Вт металлоплёночный;плата;;R_Axial_DIN0207_L6.3mm_D2.5mm_P7.62mm_Horizontal
R2;1;2.2M;Резистор 0.25 Вт металлоплёночный;плата;;R_Axial_DIN0207_L6.3mm_D2.5mm_P7.62mm_Horizontal
R3;1;10M;Резистор 0.25 Вт металлоплёночный;плата;;R_Axial_DIN0207_L6.3mm_D2.5mm_P7.62mm_Horizontal
R4, R5;2;10k;Резистор 0.25 Вт металлоплёночный;плата;;R_Axial_DIN0207_L6.3mm_D2.5mm_P7.62mm_Horizontal
R6, R7;2;22k;Резистор 0.25 Вт металлоплёночный;плата;;R_Axial_DIN0207_L6.3mm_D2.5mm_P7.62mm_Horizontal
R8, R15;2;4.7k;Резистор 0.25 Вт металлоплёночный;плата;"R8 — тембр; R15 — ток светодиода ~0.4 мА";R_Axial_DIN0207_L6.3mm_D2.5mm_P7.62mm_Horizontal
R9;1;100;Резистор 0.25 Вт металлоплёночный;плата;;R_Axial_DIN0207_L6.3mm_D2.5mm_P7.62mm_Horizontal
R10;1;10;Резистор 0.25 Вт металлоплёночный;плата;;R_Axial_DIN0207_L6.3mm_D2.5mm_P7.62mm_Horizontal
R11, R12, R13;3;100k;Резистор 0.25 Вт металлоплёночный;плата;;R_Axial_DIN0207_L6.3mm_D2.5mm_P7.62mm_Horizontal
RV2;1;B100k BASS;Потенциометр;вне платы (провода к площадкам BAS/TRE);линейный 16 мм, на корпусе;SolderWire-0.5sqmm_1x03_P4.6mm_D0.9mm_OD2.1mm
RV3;1;B100k TREBLE;Потенциометр;вне платы (провода к площадкам BAS/TRE);линейный 16 мм, на корпусе;SolderWire-0.5sqmm_1x03_P4.6mm_D0.9mm_OD2.1mm
U1;1;MCP6022/OPA2316;ОУ;плата;DIP-8 в цанговую панельку. OPA2316IDR (SOIC-8) — через переходник SOIC→DIP;DIP-8_W7.62mm_LongPads
C13;1;1n;Конденсатор;вне платы;treble bleed, плёнка/керамика C0G, на лепестках 3–2 RV1;
D1;1;LED красн. 3мм;Светодиод;вне платы;;
R14;1;150k;Резистор 0.25 Вт металлоплёночный;вне платы;treble bleed, на лепестках 3–2 RV1;
RV1;1;B500K push-pull (Musiclily M908) VOLUME;Потенциометр;вне платы;Musiclily M908, DPDT push-pull (SW1 в нём же);
—;1;Панелька DIP-8 цанговая;;плата;под U1;
—;1;Аккумулятор 1S Li-ion/LiPo 3.7 В 300–1000 мА·ч;;вне платы;;
—;1;Модуль TP4056 с защитой (DW01), USB-C;;вне платы;OUT+ → BAT+ платы, OUT− → Ring джека;
—;1;Гнездо 6.3 мм СТЕРЕО (TRS);;вне платы;Tip ← SW1 A2, Ring ← OUT− TP4056, Sleeve ← GND платы;
—;1;Экранированный провод 1 жила;;вне платы;SW1 B5 → IN платы;
