Позиции;Кол-во;Номинал;Тип;Корпус / футпринт;Примечание
U1;1;MCP6022-I/SN или OPA2316IDR;ОУ;SOIC-8;паяется прямо на плату (без панельки)
C1;1;47p;Конденсатор;1206;керамика C0G/NP0
C2;1;100n;Конденсатор;1206;керамика C0G/NP0 50 В (НЕ X7R — микрофонный эффект и искажения)
C4, C5;2;22n;Конденсатор;1206;керамика C0G/NP0
C6, C7;2;3.3n;Конденсатор;1206;керамика C0G/NP0
C8;1;100p;Конденсатор;1206;керамика C0G/NP0
C11;1;100n;Конденсатор;1206;керамика X7R
C10, C12;2;22u;Конденсатор;1206;керамика X5R/X7R ≥10 В (вместо электролитов 100u)
C3, C9;2;10u;Конденсатор;SMD-электролит 4x5.4 мм;"16 В; «+» по сборочному чертежу"
R1;1;1k;Резистор;1206;
R2;1;2.2M;Резистор;1206;
R3;1;10M;Резистор;1206;
R4, R5;2;10k;Резистор;1206;
R6, R7;2;22k;Резистор;1206;
R8, R15;2;4.7k;Резистор;1206;R15 — ток светодиода ~0.4 мА
R9;1;100;Резистор;1206;
R10;1;10;Резистор;1206;
R11, R12, R13;3;100k;Резистор;1206;
JP1;1;0R;Перемычка;1206;"есть = усиление x2 (+6 дБ), нет = x1; можно каплю припоя"
J1, J2, J3, J7, RV2, RV3;—;площадки;Провода;отв. 1.0 мм, площадка 2.1 мм;провода вставляются со стороны без меди
RV2;1;B100k BASS;Потенциометр;вне платы;линейный, на корпусе
RV3;1;B100k TREBLE;Потенциометр;вне платы;линейный, на корпусе
RV1 + SW1;1;B500K push-pull (Musiclily M908);Потенциометр;вне платы;громкость + DPDT актив/пассив
R14;1;150k;Резистор;вне платы;treble bleed, на лепестках 3–2 RV1
C13;1;1n;Конденсатор;вне платы;treble bleed, плёнка/C0G, на лепестках 3–2 RV1
D1;1;LED красн. 3 мм;Светодиод;вне платы;
—;1;Модуль TP4056 с защитой (DW01), USB-C;;вне платы;OUT+ → BAT+ платы, OUT− → Ring джека
—;1;Аккумулятор 1S Li-ion/LiPo 3.7 В 300–1000 мА·ч;;вне платы;
—;1;Гнездо 6.3 мм СТЕРЕО (TRS);;вне платы;Tip ← SW1 A2, Ring ← OUT− TP4056, Sleeve ← GND
—;1;Экранированный провод 1 жила;;вне платы;SW1 B6 → IN платы
